{"asset/logo/logo.png":["asset/logo/logo.png"],"asset/morning.jpg":["asset/morning.jpg"],"asset/night.jpg":["asset/night.jpg"],"asset/onboarding/onboarding1.json":["asset/onboarding/onboarding1.json"],"asset/onboarding/onboarding2.json":["asset/onboarding/onboarding2.json"],"asset/onboarding/streak.json":["asset/onboarding/streak.json"],"asset/quotes1.jpg":["asset/quotes1.jpg"],"asset/tasbih.png":["asset/tasbih.png"],"asset/wirdul_latif.png":["asset/wirdul_latif.png"],"font/AmiriQuran-Regular.ttf":["font/AmiriQuran-Regular.ttf"],"font/BlackOpsOne-Regular.ttf":["font/BlackOpsOne-Regular.ttf"],"font/Kfgqpc.ttf":["font/Kfgqpc.ttf"],"font/Poppins-Light.ttf":["font/Poppins-Light.ttf"],"packages/cupertino_icons/assets/CupertinoIcons.ttf":["packages/cupertino_icons/assets/CupertinoIcons.ttf"],"packages/flutter_inappwebview/assets/t_rex_runner/t-rex.css":["packages/flutter_inappwebview/assets/t_rex_runner/t-rex.css"],"packages/flutter_inappwebview/assets/t_rex_runner/t-rex.html":["packages/flutter_inappwebview/assets/t_rex_runner/t-rex.html"],"packages/flutter_inappwebview_web/assets/web/web_support.js":["packages/flutter_inappwebview_web/assets/web/web_support.js"],"packages/wakelock_plus/assets/no_sleep.js":["packages/wakelock_plus/assets/no_sleep.js"],"packages/youtube_player_flutter/assets/speedometer.webp":["packages/youtube_player_flutter/assets/speedometer.webp"]}